<?xml version="1.0" encoding="UTF-8" standalone="yes"?>
<manifest>
  <control namespace="ktcs" constructor="documentsIframe" version="0.0.1" display-name-key="documentsIframe" description-key="documentsIframe description" control-type="virtual" api-version="1.3.4">
    <external-service-usage enabled="false"/>
    <data-set name="DocumentLocations" display-name-key="Document Locations Subgrid"/>
    <resources>
      <code path="bundle.js" order="1"/>
      <platform-library name="React" version="16.8.6"/>
      <platform-library name="Fluent" version="8.29.0"/>
    </resources>
    <feature-usage>
      <uses-feature name="Utility" required="true"/>
      <uses-feature name="WebAPI" required="true"/>
    </feature-usage>
    <built-by name="pac" version="1.20.3"/>
  </control>
</manifest>